{
  "asof": "2025-10-12",
  "source": "yfinance",
  "refresh_policy": "weekly_if_stale",
  "per_ticker": {
    "GAW.L": {
      "basis": "FY",
      "roce": 0.8180964308077645,
      "gm": 0.7206477732793523,
      "om": 0.4231578947368421,
      "cc": 1.103329506314581,
      "ic": 186.64285714285714,
      "_rev": 617500000.0,
      "_gp": 445000000.0,
      "_ebit": 261300000.0,
      "_ta": 383000000.0,
      "_cl": 63600000.0,
      "_cfo": 247400000.0,
      "_capex": -40900000.0,
      "_int": 1400000.0,
      "_ic_inv_cap": 319400000.0
    },
    "MSCI": {
      "basis": "TTM",
      "roce": 0.40121988178280327,
      "gm": 0.8211293745459001,
      "om": 0.5359907241266137,
      "cc": 1.0388274753712745,
      "ic": 8.451197401223842,
      "_rev": 2921989000.0,
      "_gp": 2399331000.0,
      "_ebit": 1566159000.0,
      "_ta": 5373676000.0,
      "_cl": 1470183000.0,
      "_cfo": 1503227000.0,
      "_capex": -123742000.0,
      "_int": 185318000.0,
      "_ic_inv_cap": 3903493000.0
    },
    "GOOGL": {
      "basis": "TTM",
      "roce": 0.28336584342592885,
      "gm": 0.5859059861611896,
      "om": 0.32671602082771545,
      "cc": 1.6194224158469759,
      "ic": 565.0192307692307,
      "_rev": 359713000000.0,
      "_gp": 210758000000.0,
      "_ebit": 117524000000.0,
      "_ta": 502053000000.0,
      "_cl": 87310000000.0,
      "_cfo": 132601000000.0,
      "_capex": -57720000000.0,
      "_int": 208000000.0,
      "_ic_inv_cap": 414743000000.0
    },
    "MA": {
      "basis": "TTM",
      "roce": 0.5206468736497747,
      "gm": 0.764456981664316,
      "om": 0.580343321063676,
      "cc": 0.9876111440426794,
      "ic": 24.882005899705014,
      "_rev": 29069000000.0,
      "_gp": 22222000000.0,
      "_ebit": 16870000000.0,
      "_ta": 51431000000.0,
      "_cl": 19029000000.0,
      "_cfo": 15488000000.0,
      "_capex": -1173000000.0,
      "_int": 678000000.0,
      "_ic_inv_cap": 32402000000.0
    }
  },
  "portfolio_weighted": {
    "roce": 0.5602179333788463,
    "gm": 0.6838502588435038,
    "om": 0.42300587966969566,
    "cc": 1.2614155273172476,
    "ic": 284.3365302029988
  }
}